text,sim_Morris,sim_SRD,delta
"The central area of Grand Amphitheater Ruins, where paths co",0.8498969,0.8628676,-0.012970686
"The outer edges of Grand Amphitheater Ruins, where the devel",0.86475044,0.878666,-0.013915539
"The central area of Astral Projection Circle, where paths co",0.8341914,0.8822582,-0.048066795
"The outer edges of Astral Projection Circle, where the devel",0.84705067,0.9002351,-0.05318445
"The primary thoroughfare of Crossroads Settlement, where mos",0.6885257,0.6893393,-0.0008136034
"Where multiple roads meet, marked by an old stone milestone.",0.871006,0.85340345,0.017602563
"A simple building that serves multiple purposes - part inn, ",0.87820804,0.88745993,-0.009251893
"The massive gates of Shattered Crystal City, where travelers",0.8677556,0.8744793,-0.006723702
"The heart of the city, where all the major streets converge ",0.8335697,0.8227,0.010869682
A vast marketplace where goods from across the known world a,0.8673025,0.87743664,-0.0101341605
Where the city's citizens live in buildings ranging from mod,0.8108856,0.7896795,0.02120608
Massive fortifications that protect the city from external t,0.77113295,0.8162832,-0.04515028
Where ships from distant ports dock to unload their cargoes.,0.7595302,0.7945775,-0.035047293
"The central area of Abandoned Demon Circle, where paths conv",0.8649429,0.8851909,-0.020247996
"The outer edges of Abandoned Demon Circle, where the develop",0.8733135,0.8951386,-0.021825135
"The central area of Dream Realm Gateway, where paths converg",0.8458786,0.8687222,-0.0228436
"The outer edges of Dream Realm Gateway, where the developed ",0.8617686,0.8867301,-0.024961472
"The central area of Sacred Grove of Earth Mother, where path",0.87399244,0.88265175,-0.008659303
"The outer edges of Sacred Grove of Earth Mother, where the d",0.88690686,0.8959404,-0.009033561
"The central area of Elemental Convergence Point, where paths",0.8366169,0.87924707,-0.042630196
"The outer edges of Elemental Convergence Point, where the de",0.84962046,0.8966236,-0.04700315
"The central area of Elemental Fire Portal, where paths conve",0.83597636,0.8774879,-0.041511536
"The outer edges of Elemental Fire Portal, where the develope",0.85963184,0.9059201,-0.046288252
"The central area of Feywild Crossing, where paths converge a",0.83036304,0.85690796,-0.026544929
"The outer edges of Feywild Crossing, where the developed are",0.8496661,0.8790738,-0.02940768
"The central area of Fallen Floating Islands, where paths con",0.8525959,0.8777703,-0.02517438
"The outer edges of Fallen Floating Islands, where the develo",0.8660004,0.8934116,-0.027411163
"The central area of Titans Fortress Ruins, where paths conve",0.84942055,0.86472714,-0.015306592
"The outer edges of Titans Fortress Ruins, where the develope",0.85975355,0.87620753,-0.016453981
"The central area of Gravity Anomaly Field, where paths conve",0.8429318,0.8900751,-0.04714328
"The outer edges of Gravity Anomaly Field, where the develope",0.8529108,0.9046917,-0.05178088
"The massive gates of Aethermoon Lost Elven City, where trave",0.8598593,0.86087096,-0.0010116696
"The heart of the city, where all the major streets converge ",0.8335697,0.8227,0.010869682
A vast marketplace where goods from across the known world a,0.8673025,0.87743664,-0.0101341605
Where the city's citizens live in buildings ranging from mod,0.8108856,0.7896795,0.02120608
Massive fortifications that protect the city from external t,0.77113295,0.8162832,-0.04515028
Where ships from distant ports dock to unload their cargoes.,0.7595302,0.7945775,-0.035047293
"The central area of Eye of the Magic Storm, where paths conv",0.8640561,0.89181936,-0.027763247
"The outer edges of Eye of the Magic Storm, where the develop",0.87813354,0.90836823,-0.030234694
"The central area of Highland Mining Camp, where paths conver",0.8338517,0.84824073,-0.014389038
"The outer edges of Highland Mining Camp, where the developed",0.8549329,0.87055606,-0.015623152
"The central area of Ashfall Old Kingdom Capital, where paths",0.84908175,0.8626957,-0.013613939
"The outer edges of Ashfall Old Kingdom Capital, where the de",0.87309563,0.8878297,-0.014734089
"The massive gates of Quarantine City Ruins, where travelers ",0.8466176,0.85075986,-0.0041422844
"The heart of the city, where all the major streets converge ",0.8335697,0.8227,0.010869682
A vast marketplace where goods from across the known world a,0.8673025,0.87743664,-0.0101341605
Where the city's citizens live in buildings ranging from mod,0.8108856,0.7896795,0.02120608
Massive fortifications that protect the city from external t,0.77113295,0.8162832,-0.04515028
Where ships from distant ports dock to unload their cargoes.,0.7595302,0.7945775,-0.035047293
"The central area of Shadowfell Breach, where paths converge ",0.838961,0.8705467,-0.031585693
"The outer edges of Shadowfell Breach, where the developed ar",0.86290115,0.89824677,-0.035345614
"The central area of Zone of Eternal Silence, where paths con",0.85163826,0.87399805,-0.022359788
"The outer edges of Zone of Eternal Silence, where the develo",0.87347245,0.8980133,-0.024540842
"The massive gates of Fallen Sky City, where travelers first ",0.8749925,0.87653697,-0.0015444756
"The heart of the city, where all the major streets converge ",0.8335697,0.8227,0.010869682
A vast marketplace where goods from across the known world a,0.8673025,0.87743664,-0.0101341605
Where the city's citizens live in buildings ranging from mod,0.8108856,0.7896795,0.02120608
Massive fortifications that protect the city from external t,0.77113295,0.8162832,-0.04515028
Where ships from distant ports dock to unload their cargoes.,0.7595302,0.7945775,-0.035047293
"The central area of Storm Lords Altar, where paths converge ",0.8617136,0.878604,-0.016890407
"The outer edges of Storm Lords Altar, where the developed ar",0.88356304,0.9019666,-0.01840353
"The massive gates of Time-Lost City of Chronos, where travel",0.84712714,0.85544145,-0.0083143115
"The heart of the city, where all the major streets converge ",0.8335697,0.8227,0.010869682
A vast marketplace where goods from across the known world a,0.8673025,0.87743664,-0.0101341605
Where the city's citizens live in buildings ranging from mod,0.8108856,0.7896795,0.02120608
Massive fortifications that protect the city from external t,0.77113295,0.8162832,-0.04515028
Where ships from distant ports dock to unload their cargoes.,0.7595302,0.7945775,-0.035047293
"The central area of Temporal Rift Zone, where paths converge",0.81233406,0.85444796,-0.0421139
"The outer edges of Temporal Rift Zone, where the developed a",0.82657766,0.87314725,-0.046569586
"The central area of The Undead Necropolis, where paths conve",0.8283255,0.85262585,-0.024300337
"The outer edges of The Undead Necropolis, where the develope",0.8458804,0.87282443,-0.026944041
"The central area of Void Anomaly, where paths converge and a",0.84080696,0.87839884,-0.037591875
"The outer edges of Void Anomaly, where the developed area gi",0.8520134,0.89354384,-0.04153043
"The central area of Monument to the War God, where paths con",0.8656467,0.8754737,-0.009826958
"The outer edges of Monument to the War God, where the develo",0.89196634,0.9024645,-0.010498166
"The central area of Wild Magic Surge Zone, where paths conve",0.8545844,0.88133115,-0.02674675
"The outer edges of Wild Magic Surge Zone, where the develope",0.8721285,0.9013006,-0.029172122
"The central area of Collapsed Wizards Academy, where paths c",0.85132813,0.8685956,-0.017267466
"The outer edges of Collapsed Wizards Academy, where the deve",0.8717829,0.89061844,-0.018835545
"The main entrance to Thornfield Abandoned Manor, where visit",0.8140548,0.82163423,-0.007579446
"The primary room of the building, where its main functions t",0.81464803,0.86051935,-0.045871317
"The main entrance to Emergency Avalanche Shelter, where visi",0.8448021,0.87004393,-0.025241852
"The primary room of the building, where its main functions t",0.81464803,0.86051935,-0.045871317
"The main entrance to Master Blacksmiths Consortium, where vi",0.8033827,0.82638204,-0.022999346
"The primary room of the building, where its main functions t",0.81464803,0.86051935,-0.045871317
"The main entrance to Celestial Beacon Tower, where visitors ",0.81793225,0.85146916,-0.03353691
"The primary room of the building, where its main functions t",0.81464803,0.86051935,-0.045871317
"The blessed threshold of Temple in the Clouds, where pilgrim",0.75650346,0.7699825,-0.013479054
A soaring space filled with colored light from stained glass,0.75482756,0.775813,-0.020985425
"The holiest place within the structure, where divine ceremon",0.7616236,0.75027585,0.011347771
Stone steps lead down to hallowed burial chambers where holy,0.80347365,0.7604325,0.04304117
"The main entrance to Mausoleum of the Death God, where visit",0.8486217,0.8499968,-0.0013750792
"The primary room of the building, where its main functions t",0.81464803,0.86051935,-0.045871317
"The heart of The Golden Tankard Tavern, where travelers gath",0.8920986,0.8844601,0.007638514
A busy kitchen where hearty meals are prepared over an enorm,0.6980072,0.6718,0.026207209
Simple but clean rooms where weary travelers can rest. Narro,0.82926214,0.86177623,-0.032514095
Well-maintained stables where horses are fed and groomed. Th,0.79543793,0.7504933,0.044944644
Stone steps lead down to cool cellars where barrels of ale a,0.7766917,0.786747,-0.010055304
"The blessed threshold of Cathedral of the Light, where pilgr",0.7611578,0.7723787,-0.011220872
A soaring space filled with colored light from stained glass,0.75482756,0.775813,-0.020985425
"The holiest place within the structure, where divine ceremon",0.7616236,0.75027585,0.011347771
Stone steps lead down to hallowed burial chambers where holy,0.80347365,0.7604325,0.04304117
"The grand entrance to The Great Library of Millhaven, where ",0.8150214,0.8062184,0.00880301
A vast chamber filled with reading desks and comfortable cha,0.80399746,0.82352793,-0.019530475
"Towering shelves stretch from floor to ceiling, filled with ",0.8112935,0.85930663,-0.04801315
Behind locked doors lie the most dangerous and precious text,0.80300784,0.8155029,-0.012495041
"The main entrance to Hermits Cave Home, where visitors first",0.8506452,0.8523003,-0.0016551018
"The primary room of the building, where its main functions t",0.81464803,0.86051935,-0.045871317
"The grand entrance to Abandoned Library of Knowledge, where ",0.82156,0.82024425,0.0013157725
A vast chamber filled with reading desks and comfortable cha,0.80399746,0.82352793,-0.019530475
"Towering shelves stretch from floor to ceiling, filled with ",0.8112935,0.85930663,-0.04801315
Behind locked doors lie the most dangerous and precious text,0.80300784,0.8155029,-0.012495041
"The main meeting hall of Merchants Guildhall, where guild me",0.7143857,0.6736852,0.040700495
Where the guild's finest craftsmen demonstrate their skills ,0.78263223,0.8102387,-0.027606487
Administrative chambers where guild business is conducted. L,0.65782934,0.67590415,-0.01807481
"The blessed threshold of Moonlight Goddess Shrine, where pil",0.70988053,0.71454227,-0.004661739
A soaring space filled with colored light from stained glass,0.75482756,0.775813,-0.020985425
"The holiest place within the structure, where divine ceremon",0.7616236,0.75027585,0.011347771
Stone steps lead down to hallowed burial chambers where holy,0.80347365,0.7604325,0.04304117
"The heart of The High Refuge Inn, where travelers gather aro",0.91046154,0.90291655,0.0075449944
A busy kitchen where hearty meals are prepared over an enorm,0.6980072,0.6718,0.026207209
Simple but clean rooms where weary travelers can rest. Narro,0.82926214,0.86177623,-0.032514095
Well-maintained stables where horses are fed and groomed. Th,0.79543793,0.7504933,0.044944644
"The main entrance to Skyreach Monastery, where visitors firs",0.80379057,0.8181054,-0.01431483
"The primary room of the building, where its main functions t",0.81464803,0.86051935,-0.045871317
"The heart of The Prancing Pony Inn, where travelers gather a",0.89340913,0.88148636,0.011922777
A busy kitchen where hearty meals are prepared over an enorm,0.6980072,0.6718,0.026207209
Simple but clean rooms where weary travelers can rest. Narro,0.82926214,0.86177623,-0.032514095
Well-maintained stables where horses are fed and groomed. Th,0.79543793,0.7504933,0.044944644
"Massive stone gatehouse of Elderbrook Royal Castle, where he",0.8328598,0.8588302,-0.0259704
The main courtyard bustles with activity - guards drilling w,0.78281254,0.8057903,-0.02297777
A magnificent hall with soaring stone arches and colorful ba,0.8393576,0.80640924,0.032948375
A formal chamber where justice is dispensed and audiences gr,0.8692044,0.8625939,0.0066105127
Spartan quarters where the castle guard sleeps and trains. W,0.82669485,0.8434628,-0.016767979
Dark stone chambers beneath the castle where prisoners await,0.88911283,0.86962,0.019492805
High stone battlements offer commanding views of the surroun,0.8548754,0.8518315,0.00304389
"The main entrance to Lighthouse of the Sea God, where visito",0.8438556,0.86152846,-0.017672837
"The primary room of the building, where its main functions t",0.81464803,0.86051935,-0.045871317
"The heart of The Silver Swan Inn, where travelers gather aro",0.9058989,0.8935034,0.012395501
A busy kitchen where hearty meals are prepared over an enorm,0.6980072,0.6718,0.026207209
Simple but clean rooms where weary travelers can rest. Narro,0.82926214,0.86177623,-0.032514095
Well-maintained stables where horses are fed and groomed. Th,0.79543793,0.7504933,0.044944644
"Massive stone gatehouse of Sky Bridge Fortress, where heavy ",0.83426994,0.87376034,-0.0394904
The main courtyard bustles with activity - guards drilling w,0.78281254,0.8057903,-0.02297777
A magnificent hall with soaring stone arches and colorful ba,0.8393576,0.80640924,0.032948375
A formal chamber where justice is dispensed and audiences gr,0.8692044,0.8625939,0.0066105127
Spartan quarters where the castle guard sleeps and trains. W,0.82669485,0.8434628,-0.016767979
Dark stone chambers beneath the castle where prisoners await,0.88911283,0.86962,0.019492805
High stone battlements offer commanding views of the surroun,0.8548754,0.8518315,0.00304389
"The blessed threshold of Temple of the Eternal Sun, where pi",0.75134265,0.756356,-0.0050133467
A soaring space filled with colored light from stained glass,0.75482756,0.775813,-0.020985425
"The holiest place within the structure, where divine ceremon",0.7616236,0.75027585,0.011347771
Stone steps lead down to hallowed burial chambers where holy,0.80347365,0.7604325,0.04304117
"The main meeting hall of The Shadows Den, where guild member",0.7488196,0.71407604,0.034743547
Where the guild's finest craftsmen demonstrate their skills ,0.78263223,0.8102387,-0.027606487
Administrative chambers where guild business is conducted. L,0.65782934,0.67590415,-0.01807481
"The base of Signal Watchtower, where a heavy oak door leads ",0.82047147,0.883918,-0.06344652
A narrow stone staircase winds upward through the tower's co,0.8411447,0.8946097,-0.05346501
"A circular room filled with arcane apparatus - crystal orbs,",0.80314773,0.87112087,-0.06797314
"The highest point of the tower, open to the sky and winds. F",0.86569667,0.9281499,-0.06245321
"The heart of The Weary Traveler Lodge, where travelers gathe",0.9003922,0.89076024,0.009631932
A busy kitchen where hearty meals are prepared over an enorm,0.6980072,0.6718,0.026207209
Simple but clean rooms where weary travelers can rest. Narro,0.82926214,0.86177623,-0.032514095
Well-maintained stables where horses are fed and groomed. Th,0.79543793,0.7504933,0.044944644
"The base of Azure Wizards Tower, where a heavy oak door lead",0.8067306,0.86943614,-0.06270552
A narrow stone staircase winds upward through the tower's co,0.8411447,0.8946097,-0.05346501
"A circular room filled with arcane apparatus - crystal orbs,",0.80314773,0.87112087,-0.06797314
"The highest point of the tower, open to the sky and winds. F",0.86569667,0.9281499,-0.06245321
"The entrance to the crafters' district, marked by guild symb",0.8055726,0.86025345,-0.054680824
A street lined with the workshops of master craftsmen. The a,0.81918204,0.81664115,0.0025408864
Massive forges where the most skilled smiths create works of,0.7756665,0.84879005,-0.073123574
Where the finished works of the district's artisans are disp,0.76951826,0.7873095,-0.017791271
An ornate gateway that marks the entrance to the nobles' dis,0.78916633,0.7679625,0.021203816
A wide street lined with elegant mansions and manicured gard,0.80444324,0.7357042,0.06873906
Impressive multi-story homes where the wealthy and powerful ,0.8039565,0.79261506,0.011341453
Beautifully landscaped gardens where nobles take their leisu,0.8028373,0.82323104,-0.02039373
An elegant square where the wealthy gather for social events,0.79349303,0.7939845,-0.0004914403
"The gateway into Mad Alchemists Laboratory, where daylight g",0.8616091,0.914341,-0.05273187
A long corridor that delves deeper into the earth. The walls,0.8375246,0.8643311,-0.026806533
"A large room carved from the living rock, its purpose lost t",0.9407815,0.91690487,0.023876607
"The sealed entrance to The Ancient Catacombs, where ancient ",0.8771498,0.8679944,0.009155393
Long passages lined with burial niches where the ancient dea,0.7934185,0.7687465,0.024672031
"The heart of the tomb, where the most important dead were in",0.8134863,0.7714436,0.042042673
"The oldest and most sacred part of the burial complex, where",0.8641877,0.8709905,-0.0068027973
The mouth of Buried Ancient Library yawns before you like a ,0.87296224,0.8837398,-0.010777593
A vast underground space where your torchlight barely reache,0.836962,0.87167513,-0.03471315
A tight corridor where you must duck low and turn sideways i,0.9202813,0.9306808,-0.01039952
A dark pool of unknown depth reflects your torchlight like a,0.9115403,0.9179765,-0.006436169
"Far from the surface, this cavern exists in eternal darkness",0.88490355,0.9292448,-0.044341266
"The gateway into Arcane Prison, where daylight gives way to ",0.86925274,0.916134,-0.04688126
A long corridor that delves deeper into the earth. The walls,0.8375246,0.8643311,-0.026806533
"A large room carved from the living rock, its purpose lost t",0.9407815,0.91690487,0.023876607
The mouth of Bat Colony Caves yawns before you like a great ,0.85412216,0.86616725,-0.012045085
A vast underground space where your torchlight barely reache,0.836962,0.87167513,-0.03471315
A tight corridor where you must duck low and turn sideways i,0.9202813,0.9306808,-0.01039952
A dark pool of unknown depth reflects your torchlight like a,0.9115403,0.9179765,-0.006436169
"Far from the surface, this cavern exists in eternal darkness",0.88490355,0.9292448,-0.044341266
The mouth of Bone Caves yawns before you like a great maw. C,0.84530836,0.86690766,-0.021599293
A vast underground space where your torchlight barely reache,0.836962,0.87167513,-0.03471315
A tight corridor where you must duck low and turn sideways i,0.9202813,0.9306808,-0.01039952
A dark pool of unknown depth reflects your torchlight like a,0.9115403,0.9179765,-0.006436169
"Far from the surface, this cavern exists in eternal darkness",0.88490355,0.9292448,-0.044341266
The mouth of The Crystal Caves yawns before you like a great,0.8444128,0.8643343,-0.019921482
A vast underground space where your torchlight barely reache,0.836962,0.87167513,-0.03471315
A tight corridor where you must duck low and turn sideways i,0.9202813,0.9306808,-0.01039952
A dark pool of unknown depth reflects your torchlight like a,0.9115403,0.9179765,-0.006436169
"Far from the surface, this cavern exists in eternal darkness",0.88490355,0.9292448,-0.044341266
"The gateway into Crystal Dragon Lair, where daylight gives w",0.87283957,0.924653,-0.051813424
A long corridor that delves deeper into the earth. The walls,0.8375246,0.8643311,-0.026806533
"A large room carved from the living rock, its purpose lost t",0.9407815,0.91690487,0.023876607
"The gateway into Cult Sanctum, where daylight gives way to t",0.8527008,0.9063574,-0.053656578
A long corridor that delves deeper into the earth. The walls,0.8375246,0.8643311,-0.026806533
"A large room carved from the living rock, its purpose lost t",0.9407815,0.91690487,0.023876607
"The mouth of Abandoned Dwarven Mines, where wooden supports ",0.812819,0.8708125,-0.05799347
A network of tunnels carved by generations of miners seeking,0.79946184,0.8260542,-0.026592374
"The deepest part of the mine, where the most valuable ore wa",0.8111912,0.8388593,-0.027668118
A large excavated space where ore was sorted and processed. ,0.7949236,0.8270682,-0.032144606
"The gateway into The Echo Chambers, where daylight gives way",0.876433,0.9263563,-0.0499233
A long corridor that delves deeper into the earth. The walls,0.8375246,0.8643311,-0.026806533
"A large room carved from the living rock, its purpose lost t",0.9407815,0.91690487,0.023876607
The mouth of Sentient Fungal Network yawns before you like a,0.83606505,0.8707461,-0.034681022
A long corridor that delves deeper into the earth. The walls,0.8375246,0.8643311,-0.026806533
A vast underground space where your torchlight barely reache,0.836962,0.87167513,-0.03471315
A tight corridor where you must duck low and turn sideways i,0.9202813,0.9306808,-0.01039952
A dark pool of unknown depth reflects your torchlight like a,0.9115403,0.9179765,-0.006436169
"Far from the surface, this cavern exists in eternal darkness",0.88490355,0.9292448,-0.044341266
The mouth of Abandoned Gem Mines yawns before you like a gre,0.8587597,0.87423056,-0.015470862
A vast underground space where your torchlight barely reache,0.836962,0.87167513,-0.03471315
A tight corridor where you must duck low and turn sideways i,0.9202813,0.9306808,-0.01039952
A dark pool of unknown depth reflects your torchlight like a,0.9115403,0.9179765,-0.006436169
"Far from the surface, this cavern exists in eternal darkness",0.88490355,0.9292448,-0.044341266
"The gateway into Ancient Golem Workshop, where daylight give",0.866741,0.9191605,-0.052419484
A long corridor that delves deeper into the earth. The walls,0.8375246,0.8643311,-0.026806533
"A large room carved from the living rock, its purpose lost t",0.9407815,0.91690487,0.023876607
The mouth of Healing Spring Caves yawns before you like a gr,0.85264385,0.8647327,-0.012088835
A vast underground space where your torchlight barely reache,0.836962,0.87167513,-0.03471315
A tight corridor where you must duck low and turn sideways i,0.9202813,0.9306808,-0.01039952
A dark pool of unknown depth reflects your torchlight like a,0.9115403,0.9179765,-0.006436169
"Far from the surface, this cavern exists in eternal darkness",0.88490355,0.9292448,-0.044341266
The mouth of Eternal Ice Caves yawns before you like a great,0.84309083,0.8603444,-0.017253578
A vast underground space where your torchlight barely reache,0.836962,0.87167513,-0.03471315
A tight corridor where you must duck low and turn sideways i,0.9202813,0.9306808,-0.01039952
A dark pool of unknown depth reflects your torchlight like a,0.9115403,0.9179765,-0.006436169
"Far from the surface, this cavern exists in eternal darkness",0.88490355,0.9292448,-0.044341266
"The gateway into Ancient Lava Tubes, where daylight gives wa",0.85556334,0.9171698,-0.061606467
A long corridor that delves deeper into the earth. The walls,0.8375246,0.8643311,-0.026806533
"A large room carved from the living rock, its purpose lost t",0.9407815,0.91690487,0.023876607
"The gateway into Lich Phylactery Chamber, where daylight giv",0.8715997,0.927451,-0.05585134
"A large room carved from the living rock, its purpose lost t",0.9407815,0.91690487,0.023876607
The mouth of The Labyrinthine Caves yawns before you like a ,0.8290832,0.8493924,-0.02030921
A vast underground space where your torchlight barely reache,0.836962,0.87167513,-0.03471315
A tight corridor where you must duck low and turn sideways i,0.9202813,0.9306808,-0.01039952
A dark pool of unknown depth reflects your torchlight like a,0.9115403,0.9179765,-0.006436169
"Far from the surface, this cavern exists in eternal darkness",0.88490355,0.9292448,-0.044341266
The mouth of Hall of Mirrors Cave yawns before you like a gr,0.86586,0.88297105,-0.017111063
A vast underground space where your torchlight barely reache,0.836962,0.87167513,-0.03471315
A tight corridor where you must duck low and turn sideways i,0.9202813,0.9306808,-0.01039952
A dark pool of unknown depth reflects your torchlight like a,0.9115403,0.9179765,-0.006436169
"Far from the surface, this cavern exists in eternal darkness",0.88490355,0.9292448,-0.044341266
The mouth of Giant Mushroom Grotto yawns before you like a g,0.8436111,0.8620524,-0.01844126
A vast underground space where your torchlight barely reache,0.836962,0.87167513,-0.03471315
A tight corridor where you must duck low and turn sideways i,0.9202813,0.9306808,-0.01039952
A dark pool of unknown depth reflects your torchlight like a,0.9115403,0.9179765,-0.006436169
"Far from the surface, this cavern exists in eternal darkness",0.88490355,0.9292448,-0.044341266
"The sealed entrance to Necromancers Tomb Complex, where anci",0.88087606,0.8814993,-0.00062322617
Long passages lined with burial niches where the ancient dea,0.7934185,0.7687465,0.024672031
"The heart of the tomb, where the most important dead were in",0.8134863,0.7714436,0.042042673
"The oldest and most sacred part of the burial complex, where",0.8641877,0.8709905,-0.0068027973
"The gateway into Interdimensional Portal Nexus, where daylig",0.8202619,0.89690614,-0.07664424
A long corridor that delves deeper into the earth. The walls,0.8375246,0.8643311,-0.026806533
"A large room carved from the living rock, its purpose lost t",0.9407815,0.91690487,0.023876607
"The gateway into The Forgotten Prison, where daylight gives ",0.88436306,0.9169624,-0.03259933
A long corridor that delves deeper into the earth. The walls,0.8375246,0.8643311,-0.026806533
"A large room carved from the living rock, its purpose lost t",0.9407815,0.91690487,0.023876607
"A heavy grate provides access to Ancient Sewer System, where",0.8206636,0.8711988,-0.050535202
"The primary flow of the sewer system, where dark water carri",0.83952236,0.8940938,-0.05457145
Where multiple channels converge in a large underground cham,0.84318215,0.89586616,-0.05268401
"The gateway into Shadow Realm Portal Caves, where daylight g",0.8541582,0.9076417,-0.053483486
A long corridor that delves deeper into the earth. The walls,0.8375246,0.8643311,-0.026806533
"A large room carved from the living rock, its purpose lost t",0.9407815,0.91690487,0.023876607
"The gateway into Smugglers Tunnel Network, where daylight gi",0.84876835,0.90684074,-0.05807239
A long corridor that delves deeper into the earth. The walls,0.8375246,0.8643311,-0.026806533
"A large room carved from the living rock, its purpose lost t",0.9407815,0.91690487,0.023876607
The mouth of Spider Silk Caves yawns before you like a great,0.8427943,0.85860395,-0.015809655
A vast underground space where your torchlight barely reache,0.836962,0.87167513,-0.03471315
A tight corridor where you must duck low and turn sideways i,0.9202813,0.9306808,-0.01039952
A dark pool of unknown depth reflects your torchlight like a,0.9115403,0.9179765,-0.006436169
"Far from the surface, this cavern exists in eternal darkness",0.88490355,0.9292448,-0.044341266
"The gateway into Sunken City of Maraleth, where daylight giv",0.88100064,0.926212,-0.045211375
A long corridor that delves deeper into the earth. The walls,0.8375246,0.8643311,-0.026806533
"A large room carved from the living rock, its purpose lost t",0.9407815,0.91690487,0.023876607
The mouth of Time Distortion Caves yawns before you like a g,0.8509642,0.8734,-0.022435784
A vast underground space where your torchlight barely reache,0.836962,0.87167513,-0.03471315
A tight corridor where you must duck low and turn sideways i,0.9202813,0.9306808,-0.01039952
A dark pool of unknown depth reflects your torchlight like a,0.9115403,0.9179765,-0.006436169
"Far from the surface, this cavern exists in eternal darkness",0.88490355,0.9292448,-0.044341266
"The gateway into Royal Treasure Vault, where daylight gives ",0.8746025,0.91736174,-0.04275924
A long corridor that delves deeper into the earth. The walls,0.8375246,0.8643311,-0.026806533
"A large room carved from the living rock, its purpose lost t",0.9407815,0.91690487,0.023876607
The mouth of Troll Caves yawns before you like a great maw. ,0.8347735,0.8516635,-0.01688999
A vast underground space where your torchlight barely reache,0.836962,0.87167513,-0.03471315
A tight corridor where you must duck low and turn sideways i,0.9202813,0.9306808,-0.01039952
A dark pool of unknown depth reflects your torchlight like a,0.9115403,0.9179765,-0.006436169
"Far from the surface, this cavern exists in eternal darkness",0.88490355,0.9292448,-0.044341266
The mouth of Underground River System yawns before you like ,0.8490417,0.87736845,-0.02832675
A vast underground space where your torchlight barely reache,0.836962,0.87167513,-0.03471315
A tight corridor where you must duck low and turn sideways i,0.9202813,0.9306808,-0.01039952
A dark pool of unknown depth reflects your torchlight like a,0.9115403,0.9179765,-0.006436169
"Far from the surface, this cavern exists in eternal darkness",0.88490355,0.9292448,-0.044341266
"The gateway into Temple of the Deep Gods, where daylight giv",0.88543004,0.9240125,-0.038582444
A long corridor that delves deeper into the earth. The walls,0.8375246,0.8643311,-0.026806533
"A large room carved from the living rock, its purpose lost t",0.9407815,0.91690487,0.023876607
"The gateway into Ancient War Bunkers, where daylight gives w",0.8749577,0.91562855,-0.04067087
A long corridor that delves deeper into the earth. The walls,0.8375246,0.8643311,-0.026806533
"A large room carved from the living rock, its purpose lost t",0.9407815,0.91690487,0.023876607
The mouth of The Howling Wind Caves yawns before you like a ,0.8277749,0.8407683,-0.012993395
A vast underground space where your torchlight barely reache,0.836962,0.87167513,-0.03471315
A tight corridor where you must duck low and turn sideways i,0.9202813,0.9306808,-0.01039952
A dark pool of unknown depth reflects your torchlight like a,0.9115403,0.9179765,-0.006436169
"Far from the surface, this cavern exists in eternal darkness",0.88490355,0.9292448,-0.044341266
"The bustling heart of Millhaven Town Square, where merchants",0.812698,0.7653288,0.047369182
Colorful stalls and permanent shops line these busy streets.,0.8333497,0.8224299,0.010919809
An impressive stone building where the town council meets an,0.8557687,0.8350162,0.02075249
Here the various trade guilds have established their halls -,0.7778449,0.7694622,0.008382678
Massive wooden gates reinforced with iron bands mark the ent,0.87476367,0.8824977,-0.0077340603
Neat rows of two and three-story houses where the town's cit,0.9222393,0.89430356,0.027935743
"The heart of Elderbrook Village Center, where cobblestone pa",0.92586786,0.8881943,0.037673533
A cozy two-story inn with low oak beams and a crackling fire,0.7883313,0.7432523,0.045078993
The rhythmic clanging of hammer on anvil echoes from this st,0.7417847,0.7718581,-0.030073404
A peaceful expanse of grass where sheep graze and village fe,0.83493364,0.79753196,0.037401676
The edge of the village where cultivated fields give way to ,0.8902288,0.87545127,0.014777541
"The heart of Hilltop Village, where cobblestone paths conver",0.92037225,0.8785739,0.041798353
A cozy two-story inn with low oak beams and a crackling fire,0.7883313,0.7432523,0.045078993
The rhythmic clanging of hammer on anvil echoes from this st,0.7417847,0.7718581,-0.030073404
A peaceful expanse of grass where sheep graze and village fe,0.83493364,0.79753196,0.037401676
The edge of the village where cultivated fields give way to ,0.8902288,0.87545127,0.014777541
"The border of Blackthorn Battlefield, where open grasslands ",0.7612777,0.7532332,0.008044481
Vast grasslands where wildflowers dot the landscape and the ,0.8294244,0.8279801,0.0014442801
Gentle rises in the landscape that break the monotony of the,0.8714503,0.8711114,0.000338912
"The outer reaches of Ancient Battleground Forest, where civi",0.82053995,0.84188765,-0.021347702
"Deep within the wilderness, far from any settlement or road.",0.8475249,0.86498785,-0.017462969
"The outer reaches of Avalanche Slopes, where civilization gi",0.8203774,0.8463431,-0.02596569
"Deep within the wilderness, far from any settlement or road.",0.8475249,0.86498785,-0.017462969
"The outer reaches of Bandit Wood, where civilization gives w",0.84259313,0.8614723,-0.018879175
"Deep within the wilderness, far from any settlement or road.",0.8475249,0.86498785,-0.017462969
"The outer reaches of The Blasted Heath, where civilization g",0.82977474,0.8452898,-0.015515089
"Deep within the wilderness, far from any settlement or road.",0.8475249,0.86498785,-0.017462969
"The outer reaches of Valley of Bones, where civilization giv",0.8374448,0.85555136,-0.01810658
"Deep within the wilderness, far from any settlement or road.",0.8475249,0.86498785,-0.017462969
"Where civilization meets the wild, the edge of The Burning F",0.77051055,0.81537354,-0.044862986
"Far from any path, the forest grows thick and wild. Massive ",0.8255576,0.84371936,-0.018161774
A peaceful glade where sunlight streams through the canopy o,0.85252416,0.8731371,-0.020612955
"Massive trees, older than memory, form a natural circle arou",0.8638181,0.88932604,-0.025507927
"A narrow trail winds between the trees, worn by generations ",0.83932066,0.8378484,0.0014722347
"The outer reaches of The Cloudy Summit, where civilization g",0.8238935,0.842142,-0.018248498
"Deep within the wilderness, far from any settlement or road.",0.8475249,0.86498785,-0.017462969
"Where civilization meets the wild, the edge of Crystal Grove",0.7696645,0.81356347,-0.04389894
"Far from any path, the forest grows thick and wild. Massive ",0.8255576,0.84371936,-0.018161774
A peaceful glade where sunlight streams through the canopy o,0.85252416,0.8731371,-0.020612955
"Massive trees, older than memory, form a natural circle arou",0.8638181,0.88932604,-0.025507927
"A narrow trail winds between the trees, worn by generations ",0.83932066,0.8378484,0.0014722347
"The banks of Crystal Lake, where water meets land. Smooth st",0.8176671,0.845032,-0.02736485
Crystal clear water where the bottom is visible through the ,0.8933906,0.9319885,-0.03859788
"Where the water runs dark and deep, hiding secrets beneath i",0.9010252,0.93704087,-0.03601569
"The foothills of Crystal Peak, where the land begins its ste",0.75438523,0.7725725,-0.018187284
Steep rocky terrain that challenges even experienced climber,0.81167495,0.8187381,-0.0070631504
The windswept summit offers breathtaking views in all direct,0.81757766,0.85175914,-0.034181476
A natural shelter carved into the mountainside by wind and w,0.90596795,0.9252322,-0.019264221
"The outer reaches of The Cursed Moor, where civilization giv",0.8329549,0.84488016,-0.01192528
"Deep within the wilderness, far from any settlement or road.",0.8475249,0.86498785,-0.017462969
"The outer reaches of Dragons Roost Peak, where civilization ",0.83569896,0.85838485,-0.022685885
"Deep within the wilderness, far from any settlement or road.",0.8475249,0.86498785,-0.017462969
"Where civilization meets the wild, the edge of Sacred Druid ",0.7668736,0.80982524,-0.042951643
"Far from any path, the forest grows thick and wild. Massive ",0.8255576,0.84371936,-0.018161774
A peaceful glade where sunlight streams through the canopy o,0.85252416,0.8731371,-0.020612955
"Massive trees, older than memory, form a natural circle arou",0.8638181,0.88932604,-0.025507927
"A narrow trail winds between the trees, worn by generations ",0.83932066,0.8378484,0.0014722347
"The outer reaches of Eagle Heights, where civilization gives",0.8306733,0.8516918,-0.021018505
"Deep within the wilderness, far from any settlement or road.",0.8475249,0.86498785,-0.017462969
"Where civilization meets the wild, the edge of Elderoak Grov",0.7657839,0.8071577,-0.04137379
"Far from any path, the forest grows thick and wild. Massive ",0.8255576,0.84371936,-0.018161774
A peaceful glade where sunlight streams through the canopy o,0.85252416,0.8731371,-0.020612955
"Massive trees, older than memory, form a natural circle arou",0.8638181,0.88932604,-0.025507927
"A narrow trail winds between the trees, worn by generations ",0.83932066,0.8378484,0.0014722347
"The foothills of Frostpeak Mountain, where the land begins i",0.74707377,0.7564082,-0.009334445
Steep rocky terrain that challenges even experienced climber,0.81167495,0.8187381,-0.0070631504
The windswept summit offers breathtaking views in all direct,0.81757766,0.85175914,-0.034181476
A natural shelter carved into the mountainside by wind and w,0.90596795,0.9252322,-0.019264221
"The outer reaches of Giant Burial Mounds, where civilization",0.8428901,0.8700745,-0.027184427
"Deep within the wilderness, far from any settlement or road.",0.8475249,0.86498785,-0.017462969
"The outer reaches of The Giants Stairs, where civilization g",0.84836316,0.87053937,-0.022176206
"Deep within the wilderness, far from any settlement or road.",0.8475249,0.86498785,-0.017462969
"The border of Golden Wheat Fields, where open grasslands str",0.79527795,0.7850356,0.010242343
Vast grasslands where wildflowers dot the landscape and the ,0.8294244,0.8279801,0.0014442801
Gentle rises in the landscape that break the monotony of the,0.8714503,0.8711114,0.000338912
"The outer reaches of Village Grazing Commons, where civiliza",0.8236991,0.83791673,-0.014217615
"Deep within the wilderness, far from any settlement or road.",0.8475249,0.86498785,-0.017462969
"The outer reaches of Hidden Valley, where civilization gives",0.8347267,0.8576498,-0.022923112
"Deep within the wilderness, far from any settlement or road.",0.8475249,0.86498785,-0.017462969
"The banks of Natural Hot Springs, where water meets land. Sm",0.82718647,0.8529153,-0.025728822
Crystal clear water where the bottom is visible through the ,0.8933906,0.9319885,-0.03859788
"Where the water runs dark and deep, hiding secrets beneath i",0.9010252,0.93704087,-0.03601569
"The outer reaches of Royal Hunting Grounds, where civilizati",0.8470626,0.858415,-0.01135242
"Deep within the wilderness, far from any settlement or road.",0.8475249,0.86498785,-0.017462969
"The outer reaches of The Lightning Stones, where civilizatio",0.8544246,0.88004494,-0.025620341
"Deep within the wilderness, far from any settlement or road.",0.8475249,0.86498785,-0.017462969
"Where civilization meets the wild, the edge of The Lost Wood",0.8076043,0.83963203,-0.03202772
"Far from any path, the forest grows thick and wild. Massive ",0.8255576,0.84371936,-0.018161774
A peaceful glade where sunlight streams through the canopy o,0.85252416,0.8731371,-0.020612955
"Massive trees, older than memory, form a natural circle arou",0.8638181,0.88932604,-0.025507927
"A narrow trail winds between the trees, worn by generations ",0.83932066,0.8378484,0.0014722347
Where solid ground gives way to the treacherous wetlands of ,0.88618416,0.8817918,0.0043923855
"Dark waters reflect the gnarled branches overhead, while str",0.88093776,0.8994911,-0.018553317
A small patch of dry land in the midst of the wetlands. Anci,0.8483325,0.84884125,-0.00050872564
"The foothills of Meditation Peak, where the land begins its ",0.7499082,0.7643379,-0.014429688
Steep rocky terrain that challenges even experienced climber,0.81167495,0.8187381,-0.0070631504
The windswept summit offers breathtaking views in all direct,0.81757766,0.85175914,-0.034181476
A natural shelter carved into the mountainside by wind and w,0.90596795,0.9252322,-0.019264221
"Where civilization meets the wild, the edge of Woods of Lost",0.8183607,0.8431748,-0.024814129
"Far from any path, the forest grows thick and wild. Massive ",0.8255576,0.84371936,-0.018161774
A peaceful glade where sunlight streams through the canopy o,0.85252416,0.8731371,-0.020612955
"Massive trees, older than memory, form a natural circle arou",0.8638181,0.88932604,-0.025507927
"A narrow trail winds between the trees, worn by generations ",0.83932066,0.8378484,0.0014722347
Where solid ground gives way to the treacherous wetlands of ,0.86853063,0.8619112,0.0066194534
"Dark waters reflect the gnarled branches overhead, while str",0.88093776,0.8994911,-0.018553317
A small patch of dry land in the midst of the wetlands. Anci,0.8483325,0.84884125,-0.00050872564
"Where civilization meets the wild, the edge of Misty Vale Fo",0.7610909,0.7903693,-0.029278398
"Far from any path, the forest grows thick and wild. Massive ",0.8255576,0.84371936,-0.018161774
A peaceful glade where sunlight streams through the canopy o,0.85252416,0.8731371,-0.020612955
"Massive trees, older than memory, form a natural circle arou",0.8638181,0.88932604,-0.025507927
"A narrow trail winds between the trees, worn by generations ",0.83932066,0.8378484,0.0014722347
"The outer reaches of Moonlit Glade, where civilization gives",0.8045672,0.8220856,-0.017518401
"Deep within the wilderness, far from any settlement or road.",0.8475249,0.86498785,-0.017462969
"The outer reaches of Observatory Mount, where civilization g",0.82476324,0.850909,-0.026145756
"Deep within the wilderness, far from any settlement or road.",0.8475249,0.86498785,-0.017462969
"The outer reaches of Old Mill Pond, where civilization gives",0.8584432,0.86812264,-0.009679437
"Deep within the wilderness, far from any settlement or road.",0.8475249,0.86498785,-0.017462969
"The outer reaches of Poison Thorn Maze, where civilization g",0.8314279,0.8575262,-0.026098311
"Deep within the wilderness, far from any settlement or road.",0.8475249,0.86498785,-0.017462969
"The foothills of Quarry Mountain, where the land begins its ",0.7407192,0.7489055,-0.008186281
Steep rocky terrain that challenges even experienced climber,0.81167495,0.8187381,-0.0070631504
The windswept summit offers breathtaking views in all direct,0.81757766,0.85175914,-0.034181476
A natural shelter carved into the mountainside by wind and w,0.90596795,0.9252322,-0.019264221
"The outer reaches of Windswept Rocky Outcrop, where civiliza",0.79990256,0.82245517,-0.02255261
"Deep within the wilderness, far from any settlement or road.",0.8475249,0.86498785,-0.017462969
"The border of Rolling Meadows, where open grasslands stretch",0.76835215,0.7508086,0.017543554
Vast grasslands where wildflowers dot the landscape and the ,0.8294244,0.8279801,0.0014442801
Gentle rises in the landscape that break the monotony of the,0.8714503,0.8711114,0.000338912
"The outer reaches of Whitewater Rapids, where civilization g",0.814158,0.8347763,-0.02061826
"Deep within the wilderness, far from any settlement or road.",0.8475249,0.86498785,-0.017462969
"Where civilization meets the wild, the edge of Shadowpine Fo",0.7614803,0.80818605,-0.046705782
"Far from any path, the forest grows thick and wild. Massive ",0.8255576,0.84371936,-0.018161774
A peaceful glade where sunlight streams through the canopy o,0.85252416,0.8731371,-0.020612955
"Massive trees, older than memory, form a natural circle arou",0.8638181,0.88932604,-0.025507927
"A narrow trail winds between the trees, worn by generations ",0.83932066,0.8378484,0.0014722347
"The outer reaches of Shepherds Hills, where civilization giv",0.8361931,0.8429009,-0.0067077875
"Deep within the wilderness, far from any settlement or road.",0.8475249,0.86498785,-0.017462969
"Where civilization meets the wild, the edge of Silverleaf Fo",0.7471744,0.79669863,-0.049524248
"Far from any path, the forest grows thick and wild. Massive ",0.8255576,0.84371936,-0.018161774
A peaceful glade where sunlight streams through the canopy o,0.85252416,0.8731371,-0.020612955
"Massive trees, older than memory, form a natural circle arou",0.8638181,0.88932604,-0.025507927
"A narrow trail winds between the trees, worn by generations ",0.83932066,0.8378484,0.0014722347
"The banks of Silver River Banks, where water meets land. Smo",0.8275034,0.84594417,-0.018440783
Crystal clear water where the bottom is visible through the ,0.8933906,0.9319885,-0.03859788
"Where the water runs dark and deep, hiding secrets beneath i",0.9010252,0.93704087,-0.03601569
"The outer reaches of The Singing Pines, where civilization g",0.85335636,0.8550935,-0.0017371178
"Deep within the wilderness, far from any settlement or road.",0.8475249,0.86498785,-0.017462969
"The outer reaches of Circle of Standing Stones, where civili",0.8700941,0.8902624,-0.020168304
"Deep within the wilderness, far from any settlement or road.",0.8475249,0.86498785,-0.017462969
"The foothills of Storm Mountain, where the land begins its s",0.75940996,0.7695897,-0.010179758
Steep rocky terrain that challenges even experienced climber,0.81167495,0.8187381,-0.0070631504
The windswept summit offers breathtaking views in all direct,0.81757766,0.85175914,-0.034181476
A natural shelter carved into the mountainside by wind and w,0.90596795,0.9252322,-0.019264221
"The outer reaches of Thornwood Thicket, where civilization g",0.80820227,0.83114946,-0.022947192
"Deep within the wilderness, far from any settlement or road.",0.8475249,0.86498785,-0.017462969
"The outer reaches of Thunderfall Cavern, where civilization ",0.8190547,0.8477185,-0.028663754
"Deep within the wilderness, far from any settlement or road.",0.8475249,0.86498785,-0.017462969
"Where civilization meets the wild, the edge of The Whisperin",0.77763283,0.80647624,-0.028843403
"Far from any path, the forest grows thick and wild. Massive ",0.8255576,0.84371936,-0.018161774
A peaceful glade where sunlight streams through the canopy o,0.85252416,0.8731371,-0.020612955
"Massive trees, older than memory, form a natural circle arou",0.8638181,0.88932604,-0.025507927
"A narrow trail winds between the trees, worn by generations ",0.83932066,0.8378484,0.0014722347
"The border of Wildflower Meadows, where open grasslands stre",0.7458591,0.72468257,0.021176517
Vast grasslands where wildflowers dot the landscape and the ,0.8294244,0.8279801,0.0014442801
Gentle rises in the landscape that break the monotony of the,0.8714503,0.8711114,0.000338912
"The outer reaches of Wind-Carved Canyons, where civilization",0.81153524,0.8388816,-0.027346373
"Deep within the wilderness, far from any settlement or road.",0.8475249,0.86498785,-0.017462969
"The outer reaches of Wind Howl Pass, where civilization give",0.84376454,0.8654225,-0.021657944
"Deep within the wilderness, far from any settlement or road.",0.8475249,0.86498785,-0.017462969
"The border of The Windy Plains, where open grasslands stretc",0.7574568,0.7375488,0.019907951
Vast grasslands where wildflowers dot the landscape and the ,0.8294244,0.8279801,0.0014442801
Gentle rises in the landscape that break the monotony of the,0.8714503,0.8711114,0.000338912
"The main village where most adventures begin, with shops, ho",0.7662724,0.7482436,0.018028855
A larger trading town with a busy marketplace and guild hall,0.7310286,0.72489524,0.0061333776
A small settlement at the junction of major trade routes,0.69847655,0.7411419,-0.042665362
A peaceful fishing village along the Silver River,0.75706804,0.7220388,0.035029233
A fortified village overlooking the surrounding valleys,0.5783517,0.5590378,0.019313872
The commercial district of a major city,0.69375044,0.69586027,-0.0021098256
Where artisans and skilled workers ply their trades,0.41655,0.42732137,-0.010771364
The wealthy residential area with manor houses,0.62565184,0.5964062,0.029245615
A famous three-story inn with comfortable rooms and hearty m,0.647819,0.5757421,0.07207686
A rowdy tavern popular with adventurers and merchants,0.48958167,0.3979658,0.091615885
An upscale inn catering to wealthy travelers,0.47794825,0.4212541,0.05669415
A simple but clean roadside inn,0.72702825,0.7202842,0.006744027
"The seat of power for the region, with throne room, barracks",0.7330307,0.74043024,-0.007399559
A magnificent religious structure serving the entire region,0.7776607,0.7964268,-0.018766046
A mysterious tower where magical research is conducted,0.68693554,0.74014866,-0.05321312
A repository of knowledge and ancient texts,0.45900726,0.509637,-0.050629735
Where trade agreements are made and caravans organized,0.6387428,0.6271466,0.011596203
A large forge complex producing weapons and armor,0.6767564,0.76734656,-0.09059018
Hidden headquarters of the local thieves guild,0.6820168,0.6856276,-0.0036107898
A once-grand estate now fallen into ruin,0.6489999,0.5938518,0.055148125
A dense forest where strange voices can be heard on the wind,0.77841485,0.75275713,0.025657713
A beautiful woodland known for its silver-barked trees,0.73151416,0.68886423,0.042649925
A dangerous tangle of thorny undergrowth and twisted trees,0.522243,0.5477646,-0.025521576
"An ancient grove of massive oak trees, some over a thousand ",0.81301737,0.7658527,0.04716468
A dark coniferous forest where few dare to venture,0.6444464,0.62491775,0.019528627
A peaceful clearing where moonflowers bloom in perpetual twi,0.6143271,0.57609487,0.038232207
Well-maintained woodland reserved for noble hunts,0.5478183,0.50457495,0.04324335
A mystical forest grove tended by ancient druids,0.5816027,0.53661156,0.044991136
A lawless forest where outlaws make their camps,0.66072845,0.6278844,0.032844067
A fog-shrouded woodland in a deep valley,0.6528206,0.62590885,0.026911736
A cursed woodland where trees burn but are never consumed,0.7473514,0.70675075,0.040600657
A magical forest where crystal formations grow from living t,0.751407,0.76354605,-0.012139022
A confusing maze of paths where travelers become hopelessly ,0.7206998,0.708464,0.012235761
"Woodland grown over an old battlefield, haunted by warrior s",0.741952,0.66192544,0.08002657
A forest where the wind through the pines creates haunting m,0.6425593,0.6325774,0.009981871
Vast farmlands that feed the surrounding settlements,0.5935877,0.6187861,-0.0251984
Vast grasslands swept by constant winds,0.63885146,0.65524477,-0.016393304
Gentle hills where flocks graze peacefully,0.54273754,0.45402184,0.0887157
Ancient monoliths arranged in mysterious patterns,0.59846985,0.64453137,-0.046061516
"Site of a great battle, now overgrown with thorns",0.7520393,0.70279336,0.049245954
Colorful fields that bloom different flowers each season,0.76062214,0.7226903,0.03793186
Shared pastureland used by multiple settlements,0.65958935,0.7100131,-0.05042374
Exposed stone formations rising from the plains,0.70090747,0.7218597,-0.020952225
A secret valley accessible only through narrow passes,0.74359703,0.75586087,-0.0122638345
A desolate heathland where strange lights dance at night,0.73278743,0.69138014,0.041407287
Ancient earthen mounds said to contain treasures of fallen g,0.7242236,0.7247863,-0.00056266785
The shores and shallows of the main river,0.5597254,0.5519041,0.0078213215
A pristine mountain lake with crystal-clear waters,0.5904428,0.5777745,0.012668252
Vast wetlands filled with dangerous creatures and hidden pat,0.71379006,0.760251,-0.046460927
A fog-covered swampland where will-o-wisps lead travelers as,0.53886265,0.5368141,0.002048552
A cave system behind a massive waterfall,0.75889885,0.8226327,-0.063733816
A peaceful pond near an abandoned water mill,0.74178815,0.7297287,0.01205945
Dangerous fast-flowing sections of the river,0.6649092,0.70481765,-0.03990847
"A wasteland where nothing grows, scarred by ancient magic",0.7471125,0.7286371,0.018475413
A cursed valley littered with the remains of great beasts,0.80314326,0.7263765,0.07676679
Deep gorges carved by centuries of harsh winds,0.70672923,0.71206486,-0.005335629
A natural labyrinth of toxic thorny plants,0.5072026,0.59391963,-0.08671701
A field of standing stones that attract constant lightning s,0.8169991,0.8436088,-0.026609719
Natural caverns filled with luminous crystal formations,0.5793608,0.6402325,-0.06087172
Vast caves home to thousands of bats and worse things,0.8422339,0.806115,0.036118925
Caves where enormous fungi create an alien landscape,0.62845194,0.6897813,-0.061329365
Permanently frozen caverns in the northern mountains,0.5961317,0.5995761,-0.0034444332
Volcanic caves formed by flows of molten rock,0.52642345,0.5853377,-0.058914244
Caves that served as burial grounds for ancient peoples,0.65457106,0.6198895,0.03468156
Old mining tunnels rich in precious stones,0.7327126,0.70504814,0.027664483
Deep caves home to a family of mountain trolls,0.78529406,0.73843694,0.04685712
Caves draped in massive spider webs,0.5329374,0.55480236,-0.02186495
Caves where wind creates eerie sounds,0.6401354,0.673905,-0.033769608
Underground chambers with magical healing waters,0.6532681,0.68335974,-0.030091643
The ancient home of a powerful crystal dragon,0.77573705,0.7778511,-0.0021140575
A confusing network of interconnected passages,0.48726368,0.56148946,-0.07422578
Caves overtaken by intelligent mushroom colonies,0.51357484,0.5189699,-0.005395055
Caves lined with reflective crystal surfaces,0.573894,0.6370112,-0.06311715
Magical caves where time flows differently,0.7908019,0.8129604,-0.022158504
Caves containing portals to the shadow dimension,0.5745817,0.68555963,-0.11097795
Underground ruins of a great library,0.715354,0.69614273,0.019211292
Extensive mining complex abandoned by the dwarves centuries ,0.7318579,0.7313957,0.00046217442
Underground burial chambers from a lost civilization,0.6956953,0.6972499,-0.0015546083
Secret passages used by criminals and rebels,0.67677855,0.6903493,-0.013570726
Underground waterways beneath a ruined city,0.6971398,0.6973202,-0.00018042326
The burial site of a powerful dark wizard,0.7870907,0.7991253,-0.012034595
A subterranean temple to forgotten deities,0.46954268,0.4427156,0.026827097
Underground cells where dangerous criminals were kept,0.6951289,0.74131364,-0.04618472
Underground lab filled with dangerous experiments,0.6727761,0.73732346,-0.06454736
Heavily trapped underground storage for royal riches,0.7146055,0.74493366,-0.030328155
Underground fortifications from an old conflict,0.7089327,0.70527554,0.0036571622
Hidden underground meeting place for dark cultists,0.82178545,0.83239675,-0.010611296
Underground cells designed to hold magical beings,0.71965826,0.8041627,-0.084504426
Underground facility where magical constructs were built,0.62518597,0.7132019,-0.088015914
The hidden chamber where a lich stores their soul,0.64098966,0.6725322,-0.03154254
Underground chamber with portals to other planes,0.56323075,0.6667079,-0.10347712
"The highest peak in the region, perpetually snow-covered",0.6531639,0.65629935,-0.0031354427
A mountain peak where ancient dragons once nested,0.6070156,0.63226044,-0.025244832
A peak that attracts constant lightning and storms,0.59665465,0.6403183,-0.04366362
A mountain with exposed crystal formations,0.6427087,0.6984397,-0.055731
Mountain cliffs where giant eagles make their aeries,0.6788254,0.66857994,0.010245442
A peak often shrouded in mystical clouds,0.67911124,0.6986496,-0.019538343
Dangerous mountainside prone to deadly snowslides,0.45245034,0.49433154,-0.041881204
Massive stone steps carved into the mountainside,0.68565285,0.7096926,-0.024039745
A treacherous mountain pass swept by fierce winds,0.67577,0.65543973,0.02033025
A sacred mountain used by monks for spiritual practices,0.70437944,0.6824362,0.021943212
Mountain peak with ancient astronomical instruments,0.5960622,0.65028787,-0.054225683
A mountain being slowly carved away for stone,0.8122308,0.791595,0.020635843
A peaceful religious retreat high in the mountains,0.7531036,0.7132958,0.039807796
A rough settlement where miners extract precious metals,0.58895266,0.6223225,-0.03336984
The simple dwelling of a wise mountain hermit,0.6754032,0.6487073,0.026695907
A fortified tower for long-distance communication,0.5542693,0.6304456,-0.076176286
A defensive structure built across a mountain chasm,0.7634071,0.79303277,-0.029625654
A mystical temple that seems to float among the clouds,0.80700797,0.80806994,-0.001061976
A welcoming inn for weary mountain travelers,0.65346724,0.55225056,0.101216674
A reinforced shelter for surviving mountain disasters,0.6856416,0.7029104,-0.017268836
Ruins of a once-magnificent elven metropolis,0.31448278,0.29430097,0.020181805
A human city that sank beneath the waves centuries ago,0.84294707,0.8446948,-0.0017477274
The crashed remains of a floating magical city,0.8081548,0.8286762,-0.020521402
The colossal ruined stronghold of ancient giants,0.63222456,0.58959264,0.042631924
The devastated remains of a great school of magic,0.85303915,0.78562146,0.06741768
A massive stone theater from a bygone age,0.7596793,0.7437092,0.01597011
The ruined capital of a kingdom destroyed by volcanic erupti,0.6111208,0.62409425,-0.012973428
A city abandoned due to supernatural plague,0.7622561,0.7544675,0.0077885985
"A city built entirely of crystal, now broken and dangerous",0.8592038,0.8737043,-0.014500499
"A city unstuck in time, existing in multiple eras simultaneo",0.76034784,0.7986037,-0.03825587
A city of the dead where undead creatures walk eternal vigil,0.7397734,0.67969894,0.06007445
Magical islands that crashed to earth long ago,0.831707,0.842213,-0.010505974
Ancient temple dedicated to a solar deity,0.52345335,0.55603236,-0.032579005
Sacred site that glows with lunar energy,0.6383854,0.7039039,-0.0655185
Massive statues and altars honoring a deity of battle,0.55383575,0.54014814,0.013687611
Ancient druidic temple grown from living trees,0.67931986,0.64039934,0.03892052
Ominous tomb complex dedicated to death itself,0.716848,0.714441,0.0024070144
Mountaintop altar that channels lightning and thunder,0.61238,0.62782437,-0.015444338
Ancient lighthouse that still guides ships with divine light,0.7702394,0.7958331,-0.025593698
Vast ruined library dedicated to the god of wisdom,0.71325636,0.67795515,0.03530121
The calm center of a permanent magical tempest,0.7266722,0.7363471,-0.009674907
An area where time flows unpredictably,0.76400673,0.785913,-0.021906257
A region where gravity works differently,0.7247658,0.7875062,-0.062740445
Where all four classical elements meet in chaotic harmony,0.73451686,0.76483333,-0.030316472
A place where the boundary between dreams and reality is thi,0.83627355,0.8605609,-0.024287343
An unpredictable area where magic behaves erratically,0.61991423,0.6480651,-0.028150856
An area where no sound can be made or heard,0.8653864,0.8304175,0.034968913
A forest where forgotten memories take physical form,0.8286128,0.83089983,-0.0022870302
A gateway to the realm of faeries and nature spirits,0.5358872,0.5531174,-0.017230213
A dark portal to the realm of shadows and death,0.7322371,0.7377639,-0.005526781
A gateway to the Plane of Fire,0.653085,0.72245145,-0.069366455
Ancient site used for traveling to the Astral Plane,0.7241938,0.79379773,-0.06960392
A ritual site where demons were once summoned,0.6299686,0.6041469,0.025821686
A tower that serves as a beacon for heavenly beings,0.61845505,0.6603522,-0.041897118
A tear in reality leading to absolute nothingness,0.7052009,0.7457688,-0.040567875
